iter	Logloss
0	0.6893190911
1	0.685772275
2	0.6819737325
3	0.6783335614
4	0.674892173
5	0.6713540149
6	0.667759346
7	0.6644199999
8	0.661318076
9	0.6583228963
10	0.6552240186
11	0.6521510709
12	0.6491163566
13	0.6460115548
14	0.643147866
15	0.6401832034
16	0.6372780728
17	0.6344808955
18	0.6317611144
19	0.6291376523
20	0.6265251383
21	0.6238456031
22	0.6213844189
23	0.6187531519
24	0.6161142514
25	0.6135897906
26	0.6111101659
27	0.6087513409
28	0.606574011
29	0.6044554265
